{
  "root": {
    "children": [
      {
        "transform": [
          1.0,
          -0.0,
          0.0,
          0.0,
          0.0,
          1.0,
          0.0,
          0.0,
          0.0,
          0.0,
          1.0,
          0.0,
          -4499.96875,
          -4500.0,
          0.0,
          1.0
        ],
        "geometricError": 0.0,
        "boundingVolume": {
          "box": [
            0.0,
            0.0,
            0.0,
            500.0,
            0.0,
            0.0,
            0.0,
            500.0,
            0.0,
            0.0,
            0.0,
            0.0
          ]
        },
        "content": {
          "uri": "tiles/0_0_0_0.i3dm"
        }
      },
      {
        "transform": [
          1.0,
          -0.0,
          0.0,
          0.0,
          0.0,
          1.0,
          0.0,
          0.0,
          0.0,
          0.0,
          1.0,
          0.0,
          -3499.9375,
          -4500.0,
          0.0,
          1.0
        ],
        "geometricError": 0.0,
        "boundingVolume": {
          "box": [
            0.0,
            0.0,
            0.0,
            500.015625,
            0.0,
            0.0,
            0.0,
            500.0,
            0.0,
            0.0,
            0.0,
            0.0
          ]
        },
        "content": {
          "uri": "tiles/0_0_1_0.i3dm"
        }
      },
      {
        "transform": [
          1.0,
          -0.0,
          0.0,
          0.0,
          0.0,
          1.0,
          0.0,
          0.0,
          0.0,
          0.0,
          1.0,
          0.0,
          -3499.9375,
          -3500.0,
          0.0,
          1.0
        ],
        "geometricError": 0.0,
        "boundingVolume": {
          "box": [
            0.0,
            0.0,
            0.0,
            500.015625,
            0.0,
            0.0,
            0.0,
            500.0,
            0.0,
            0.0,
            0.0,
            0.0
          ]
        },
        "content": {
          "uri": "tiles/0_0_1_1.i3dm"
        }
      },
      {
        "transform": [
          1.0,
          -0.0,
          0.0,
          0.0,
          0.0,
          1.0,
          0.0,
          0.0,
          0.0,
          0.0,
          1.0,
          0.0,
          -2499.9375,
          -3500.0,
          0.0,
          1.0
        ],
        "geometricError": 0.0,
        "boundingVolume": {
          "box": [
            0.0,
            0.0,
            0.0,
            500.0,
            0.0,
            0.0,
            0.0,
            500.0,
            0.0,
            0.0,
            0.0,
            0.0
          ]
        },
        "content": {
          "uri": "tiles/0_0_2_1.i3dm"
        }
      },
      {
        "transform": [
          1.0,
          -0.0,
          0.0,
          0.0,
          0.0,
          1.0,
          0.0,
          0.0,
          0.0,
          0.0,
          1.0,
          0.0,
          -2499.9375,
          -500.0,
          0.0,
          1.0
        ],
        "geometricError": 0.0,
        "boundingVolume": {
          "box": [
            0.0,
            0.0,
            0.0,
            500.0,
            0.0,
            0.0,
            0.0,
            500.0,
            0.0,
            0.0,
            0.0,
            0.0
          ]
        },
        "content": {
          "uri": "tiles/0_0_2_4.i3dm"
        }
      },
      {
        "transform": [
          1.0,
          -0.0,
          0.0,
          0.0,
          0.0,
          1.0,
          0.0,
          0.0,
          0.0,
          0.0,
          1.0,
          0.0,
          -2499.9375,
          1500.0,
          0.0,
          1.0
        ],
        "geometricError": 0.0,
        "boundingVolume": {
          "box": [
            0.0,
            0.0,
            0.0,
            500.0,
            0.0,
            0.0,
            0.0,
            500.0,
            0.0,
            0.0,
            0.0,
            0.0
          ]
        },
        "content": {
          "uri": "tiles/0_0_2_6.i3dm"
        }
      },
      {
        "transform": [
          1.0,
          -0.0,
          0.0,
          0.0,
          0.0,
          1.0,
          0.0,
          0.0,
          0.0,
          0.0,
          1.0,
          0.0,
          -2499.9375,
          2500.0,
          0.0,
          1.0
        ],
        "geometricError": 0.0,
        "boundingVolume": {
          "box": [
            0.0,
            0.0,
            0.0,
            500.0,
            0.0,
            0.0,
            0.0,
            500.0,
            0.0,
            0.0,
            0.0,
            0.0
          ]
        },
        "content": {
          "uri": "tiles/0_0_2_7.i3dm"
        }
      },
      {
        "transform": [
          1.0,
          -0.0,
          0.0,
          0.0,
          0.0,
          1.0,
          0.0,
          0.0,
          0.0,
          0.0,
          1.0,
          0.0,
          -2499.9375,
          3500.0,
          0.0,
          1.0
        ],
        "geometricError": 0.0,
        "boundingVolume": {
          "box": [
            0.0,
            0.0,
            0.0,
            500.0,
            0.0,
            0.0,
            0.0,
            500.0,
            0.0,
            0.0,
            0.0,
            0.0
          ]
        },
        "content": {
          "uri": "tiles/0_0_2_8.i3dm"
        }
      }
    ],
    "transform": [
      1.0,
      -0.0,
      0.0,
      0.0,
      0.0,
      1.0,
      0.0,
      0.0,
      0.0,
      0.0,
      1.0,
      0.0,
      527992.5625,
      6881917.5,
      0.0,
      1.0
    ],
    "geometricError": 500.0,
    "refine": "REPLACE",
    "boundingVolume": {
      "box": [
        0.0,
        0.0,
        0.0,
        4999.984375,
        0.0,
        0.0,
        0.0,
        5000.0,
        0.0,
        0.0,
        0.0,
        100.0
      ]
    }
  },
  "geometricError": 500.0,
  "asset": {
    "generator": "i3dm.export 1.9.0.0 (https://github.com/geodan/i3dm.export) - 2021",
    "version": "1.0"
  }
}